,Supplier_Lead_Time,Inventory_Levels,Order_Frequency,Delivery_Performance,Cost_Per_Unit
Supplier_Lead_Time,1.0,0.32524316978990736,-0.9185985100528188,-0.9119305815293155,0.9531396506599452
Inventory_Levels,0.32524316978990736,1.0,-0.2365614902189453,-0.33360041685203906,0.31953490937560397
Order_Frequency,-0.9185985100528188,-0.2365614902189453,1.0,0.8332803268471036,-0.8837339626742354
Delivery_Performance,-0.9119305815293155,-0.33360041685203906,0.8332803268471036,1.0,-0.8883366323328415
Cost_Per_Unit,0.9531396506599452,0.31953490937560397,-0.8837339626742354,-0.8883366323328415,1.0
